<?xml version="1.0" encoding="UTF-8"?>
<jcr:root xmlns:jcr="http://www.jcp.org/jcr/1.0" xmlns:rep="internal"
    jcr:primaryType="rep:PrincipalPolicy"
    rep:principalName="reference-processing-service">
    <entry0
        jcr:primaryType="rep:PrincipalEntry"
        rep:effectivePath="{Path}/apps"
        rep:privileges="{Name}[jcr:read]">
        <rep:restrictions
            jcr:primaryType="rep:Restrictions"
            rep:glob="/settings/dam/cfm/models/*"/>
    </entry0>
    <entry1
        jcr:primaryType="rep:PrincipalEntry"
        rep:effectivePath="{Path}/apps"
        rep:privileges="{Name}[jcr:read]">
        <rep:restrictions
            jcr:primaryType="rep:Restrictions"
            rep:glob="/settings/wcm/templates/*"/>
    </entry1>
    <entry2
        jcr:primaryType="rep:PrincipalEntry"
        rep:effectivePath="{Path}/apps"
        rep:privileges="{Name}[jcr:read]">
        <rep:restrictions
            jcr:primaryType="rep:Restrictions"
            rep:glob="/settings/wcm/policies/*"/>
    </entry2>
    <entry3
        jcr:primaryType="rep:PrincipalEntry"
        rep:effectivePath="{Path}/apps"
        rep:privileges="{Name}[jcr:read]">
        <rep:restrictions
            jcr:primaryType="rep:Restrictions"
            rep:glob="/settings/updateprocessor/config/processing*"/>
    </entry3>
    <entry4
        jcr:primaryType="rep:PrincipalEntry"
        rep:effectivePath="{Path}/content"
        rep:privileges="{Name}[jcr:read,rep:write]">
        <rep:restrictions
            jcr:primaryType="rep:Restrictions"
            rep:glob="/*/jcr:content/*"/>
    </entry4>
    <entry5
        jcr:primaryType="rep:PrincipalEntry"
        rep:effectivePath="{Path}/conf"
        rep:privileges="{Name}[jcr:read]">
        <rep:restrictions
            jcr:primaryType="rep:Restrictions"
            rep:glob="/*/settings/dam/cfm/models/*"/>
    </entry5>
    <entry6
        jcr:primaryType="rep:PrincipalEntry"
        rep:effectivePath="{Path}/conf"
        rep:privileges="{Name}[jcr:read]">
        <rep:restrictions
            jcr:primaryType="rep:Restrictions"
            rep:glob="/*/settings/wcm/templates/*"/>
    </entry6>
    <entry7
        jcr:primaryType="rep:PrincipalEntry"
        rep:effectivePath="{Path}/conf"
        rep:privileges="{Name}[jcr:read]">
        <rep:restrictions
            jcr:primaryType="rep:Restrictions"
            rep:glob="/*/settings/wcm/policies/*"/>
    </entry7>
    <entry8
        jcr:primaryType="rep:PrincipalEntry"
        rep:effectivePath="{Path}/conf"
        rep:privileges="{Name}[jcr:write]">
        <rep:restrictions
            jcr:primaryType="rep:Restrictions"
            rep:glob="/*/settings/wcm/templates/*/initial/*"/>
    </entry8>
    <entry9
        jcr:primaryType="rep:PrincipalEntry"
        rep:effectivePath="{Path}/conf"
        rep:privileges="{Name}[jcr:write]">
        <rep:restrictions
            jcr:primaryType="rep:Restrictions"
            rep:glob="/*/settings/wcm/templates/*/structure/*"/>
    </entry9>
    <entry10
        jcr:primaryType="rep:PrincipalEntry"
        rep:effectivePath="{Path}/libs/dam/cfm/components/contentfragment"
        rep:privileges="{Name}[jcr:read]"/>
    <entry11
        jcr:primaryType="rep:PrincipalEntry"
        rep:effectivePath="{Path}/libs/dam/cfm/config"
        rep:privileges="{Name}[jcr:read]"/>
    <entry12
        jcr:primaryType="rep:PrincipalEntry"
        rep:effectivePath="{Path}/libs/settings/dam/cfm/models"
        rep:privileges="{Name}[jcr:read]"/>
    <entry13
        jcr:primaryType="rep:PrincipalEntry"
        rep:effectivePath="{Path}/libs/settings/updateprocessor/config/processing"
        rep:privileges="{Name}[jcr:read]"/>
</jcr:root>
