<?xml version="1.0" encoding="UTF-8"?>
<jcr:root xmlns:jcr="http://www.jcp.org/jcr/1.0" xmlns:dam="http://www.day.com/dam/1.0" xmlns:nt="http://www.jcp.org/jcr/nt/1.0" xmlns:rep="internal" xmlns:mix="http://www.jcp.org/jcr/mix/1.0" xmlns:sling="http://sling.apache.org/jcr/sling/1.0" xmlns:cq="http://www.day.com/jcr/cq/1.0"
    jcr:mixinTypes="[rep:AccessControllable]"
    jcr:primaryType="sling:Folder">
    <dam:batch
        jcr:primaryType="nt:unstructured"
        sling:resourceType="asset/batch"/>
    <jcr:content
        cq:allowedTemplates="[/libs/dam/templates/assetshare,/libs/dam/templates/asseteditor]"
        jcr:primaryType="nt:unstructured"
        jcr:title="Assets"/>
    <assetinsights jcr:primaryType="nt:unstructured">
        <embedcode
            jcr:primaryType="nt:unstructured"
            sling:resourceType="dam/components/assetinsights/embedcode"/>
        <pagetracker
            jcr:primaryType="nt:unstructured"
            sling:resourceType="dam/components/assetinsights/pagetracker"/>
    </assetinsights>
    <collections
        jcr:mixinTypes="[rep:AccessControllable]"
        jcr:primaryType="nt:unstructured"
        sling:resourceType="dam/collection"
        updated="{Boolean}true">
        <rep:policy/>
        <public
            jcr:mixinTypes="[rep:AccessControllable]"
            jcr:primaryType="nt:unstructured">
            <rep:policy/>
        </public>
        <Q jcr:primaryType="nt:unstructured">
            <QfgL_7pdtv7G1B1xJmUP jcr:primaryType="nt:unstructured">
                <lightbox
                    jcr:created="{Date}2025-03-25T23:19:29.738+05:30"
                    jcr:createdBy="admin"
                    jcr:description="\0"
                    jcr:lastModified="{Date}2025-03-25T23:19:29.738+05:30"
                    jcr:lastModifiedBy="admin"
                    jcr:mixinTypes="[mix:referenceable,rep:AccessControllable]"
                    jcr:primaryType="nt:unstructured"
                    jcr:title="Lightbox"
                    jcr:uuid="e9e384e8-9899-4650-9ebe-27484ce7c155"
                    sling:resourceSuperType="sling/collection"
                    sling:resourceType="dam/collection">
                    <sling:members jcr:primaryType="nt:unstructured"/>
                    <rep:policy/>
                </lightbox>
            </QfgL_7pdtv7G1B1xJmUP>
        </Q>
    </collections>
    <trainingmodels
        jcr:primaryType="nt:unstructured"
        sling:resourceType="dam/trainingmodels"/>
</jcr:root>
