<?xml version="1.0" encoding="UTF-8"?>
<jcr:root xmlns:jcr="http://www.jcp.org/jcr/1.0" xmlns:crx="http://www.day.com/crx/1.0" xmlns:rep="internal"
    jcr:primaryType="rep:ACL">
    <allow
        jcr:primaryType="rep:GrantACE"
        rep:principalName="configuration-reader-service"
        rep:privileges="{Name}[jcr:read]"/>
    <allow1
        jcr:primaryType="rep:GrantACE"
        rep:principalName="version-manager-service"
        rep:privileges="{Name}[jcr:versionManagement,jcr:read,rep:write]"/>
    <deny2
        jcr:primaryType="rep:DenyACE"
        rep:principalName="everyone"
        rep:privileges="{Name}[jcr:all]"/>
    <allow3
        jcr:primaryType="rep:GrantACE"
        rep:principalName="everyone"
        rep:privileges="{Name}[jcr:read]">
        <rep:restrictions
            jcr:primaryType="rep:Restrictions"
            rep:subtrees="[/global/site-templates/,/settings/wcm/,/sling:configs/,/settings/dam/cfm/models/,/settings/graphql/persistentQueries]"/>
    </allow3>
    <allow4
        jcr:primaryType="rep:GrantACE"
        rep:principalName="connectedassets-assets-techaccts"
        rep:privileges="{Name}[jcr:read]"/>
    <allow5
        jcr:primaryType="rep:GrantACE"
        rep:principalName="connectedassets-assets-techaccts"
        rep:privileges="{Name}[rep:write]">
        <rep:restrictions
            jcr:primaryType="rep:Restrictions"
            rep:glob="/*/settings/dam/remotedam/*"/>
    </allow5>
    <allow6
        jcr:primaryType="rep:GrantACE"
        rep:principalName="connectedassets-sites-techaccts"
        rep:privileges="{Name}[jcr:read]">
        <rep:restrictions
            jcr:primaryType="rep:Restrictions"
            rep:glob="/*/settings/dam/remotedam/*"/>
    </allow6>
    <allow7
        jcr:primaryType="rep:GrantACE"
        rep:principalName="dam-users"
        rep:privileges="{Name}[jcr:read]">
        <rep:restrictions
            jcr:primaryType="rep:Restrictions"
            rep:glob="/*/dam/*"/>
    </allow7>
    <allow8
        jcr:primaryType="rep:GrantACE"
        rep:principalName="dam-users"
        rep:privileges="{Name}[jcr:read,rep:write,crx:replicate]">
        <rep:restrictions
            jcr:primaryType="rep:Restrictions"
            rep:glob="/*/dam/dm/presets/viewer*"/>
    </allow8>
    <allow9
        jcr:primaryType="rep:GrantACE"
        rep:principalName="dam-users"
        rep:privileges="{Name}[jcr:read]">
        <rep:restrictions
            jcr:primaryType="rep:Restrictions"
            rep:glob="/*/settings/cloudconfigs/dynamicmediaservices*"/>
    </allow9>
    <deny10
        jcr:primaryType="rep:DenyACE"
        rep:principalName="dam-users"
        rep:privileges="{Name}[rep:readProperties]">
        <rep:restrictions
            jcr:primaryType="rep:Restrictions"
            rep:itemNames="{Name}[remotedamusername,remotedampassword,localSiteUsername,localSitePassword]"/>
    </deny10>
    <allow11
        jcr:primaryType="rep:GrantACE"
        rep:principalName="scene7-config-writer-service"
        rep:privileges="{Name}[jcr:read,rep:write]">
        <rep:restrictions
            jcr:primaryType="rep:Restrictions"
            rep:glob="/*/settings*"/>
    </allow11>
    <allow12
        jcr:primaryType="rep:GrantACE"
        rep:principalName="scene7-config-writer-service"
        rep:privileges="{Name}[jcr:read,rep:write]">
        <rep:restrictions
            jcr:primaryType="rep:Restrictions"
            rep:glob="/*/settings/cloudconfigs/dmscene7*"/>
    </allow12>
    <allow13
        jcr:primaryType="rep:GrantACE"
        rep:principalName="scene7-config-service"
        rep:privileges="{Name}[jcr:read]"/>
    <allow14
        jcr:primaryType="rep:GrantACE"
        rep:principalName="dtm-reactor-service"
        rep:privileges="{Name}[jcr:read]">
        <rep:restrictions
            jcr:primaryType="rep:Restrictions"
            rep:glob="/*/cloudconfigs/dtm-reactor"/>
    </allow14>
    <allow15
        jcr:primaryType="rep:GrantACE"
        rep:principalName="dtm-reactor-service"
        rep:privileges="{Name}[jcr:read]">
        <rep:restrictions
            jcr:primaryType="rep:Restrictions"
            rep:glob="/*/cloudconfigs/dtm-reactor/*"/>
    </allow15>
    <allow16
        jcr:primaryType="rep:GrantACE"
        rep:principalName="contexthub-conf-reader"
        rep:privileges="{Name}[jcr:read]">
        <rep:restrictions
            jcr:primaryType="rep:Restrictions"
            rep:glob="*/cloudsettings"/>
    </allow16>
    <allow17
        jcr:primaryType="rep:GrantACE"
        rep:principalName="contexthub-conf-reader"
        rep:privileges="{Name}[jcr:read]">
        <rep:restrictions
            jcr:primaryType="rep:Restrictions"
            rep:glob="*/cloudsettings/*"/>
    </allow17>
    <allow18
        jcr:primaryType="rep:GrantACE"
        rep:principalName="contexthub-cache-service"
        rep:privileges="{Name}[jcr:read,rep:write]"/>
    <allow19
        jcr:primaryType="rep:GrantACE"
        rep:principalName="dam-replication-service"
        rep:privileges="{Name}[crx:replicate,jcr:read,jcr:modifyProperties]">
        <rep:restrictions
            jcr:primaryType="rep:Restrictions"
            rep:glob="/*/dam/search/facets/*"/>
    </allow19>
    <allow20
        jcr:primaryType="rep:GrantACE"
        rep:principalName="dam-replication-service"
        rep:privileges="{Name}[crx:replicate,jcr:read]">
        <rep:restrictions
            jcr:primaryType="rep:Restrictions"
            rep:glob="/*/dam/adminui-extension/metadataschema/*"/>
    </allow20>
    <allow21
        jcr:primaryType="rep:GrantACE"
        rep:principalName="dam-replication-service"
        rep:privileges="{Name}[jcr:read]">
        <rep:restrictions
            jcr:primaryType="rep:Restrictions"
            rep:glob="/*/cloudconfigs/mediaportal"/>
    </allow21>
    <allow22
        jcr:primaryType="rep:GrantACE"
        rep:principalName="dam-replication-service"
        rep:privileges="{Name}[jcr:read]">
        <rep:restrictions
            jcr:primaryType="rep:Restrictions"
            rep:glob="/*/cloudconfigs/mediaportal/*"/>
    </allow22>
    <allow23
        jcr:primaryType="rep:GrantACE"
        rep:principalName="assetlinkshareservice"
        rep:privileges="{Name}[jcr:read]">
        <rep:restrictions
            jcr:primaryType="rep:Restrictions"
            rep:glob="/*/settings/dam/adhocassetshare/*"/>
    </allow23>
    <allow24
        jcr:primaryType="rep:GrantACE"
        rep:principalName="assetusagetrackeruser"
        rep:privileges="{Name}[jcr:read]">
        <rep:restrictions
            jcr:primaryType="rep:Restrictions"
            rep:glob="/*/dam/*"/>
    </allow24>
    <allow25
        jcr:primaryType="rep:GrantACE"
        rep:principalName="idsjobprocessor"
        rep:privileges="{Name}[jcr:read]">
        <rep:restrictions
            jcr:primaryType="rep:Restrictions"
            rep:glob="/*/settings/dam/*"/>
    </allow25>
    <allow26
        jcr:primaryType="rep:GrantACE"
        rep:principalName="nui-process-service"
        rep:privileges="{Name}[jcr:read]">
        <rep:restrictions
            jcr:primaryType="rep:Restrictions"
            rep:glob="/*/settings/dam/*"/>
    </allow26>
    <allow27
        jcr:primaryType="rep:GrantACE"
        rep:principalName="translation-config-service"
        rep:privileges="{Name}[jcr:read]"/>
    <allow28
        jcr:primaryType="rep:GrantACE"
        rep:principalName="translation-preview-service"
        rep:privileges="{Name}[jcr:read]"/>
    <allow29
        jcr:primaryType="rep:GrantACE"
        rep:principalName="workflow-process-service"
        rep:privileges="{Name}[jcr:versionManagement,jcr:read,rep:write,crx:replicate,jcr:lockManagement]"/>
    <allow30
        jcr:primaryType="rep:GrantACE"
        rep:principalName="operators"
        rep:privileges="{Name}[jcr:read,rep:write]"/>
    <allow31
        jcr:primaryType="rep:GrantACE"
        rep:principalName="launch-promote-service"
        rep:privileges="{Name}[jcr:read]">
        <rep:restrictions
            jcr:primaryType="rep:Restrictions"
            rep:glob="/*/settings/wcm/templates/*"/>
    </allow31>
    <allow32
        jcr:primaryType="rep:GrantACE"
        rep:principalName="launch-promote-service"
        rep:privileges="{Name}[jcr:read]">
        <rep:restrictions
            jcr:primaryType="rep:Restrictions"
            rep:glob="/*/settings/wcm/policies/*"/>
    </allow32>
    <allow33
        jcr:primaryType="rep:GrantACE"
        rep:principalName="contributor"
        rep:privileges="{Name}[jcr:read]">
        <rep:restrictions
            jcr:primaryType="rep:Restrictions"
            rep:glob="\0"/>
    </allow33>
    <allow34
        jcr:primaryType="rep:GrantACE"
        rep:principalName="content-authors"
        rep:privileges="{Name}[crx:replicate]">
        <rep:restrictions
            jcr:primaryType="rep:Restrictions"
            rep:subtrees="[/cloudconfigs]"/>
    </allow34>
    <allow35
        jcr:primaryType="rep:GrantACE"
        rep:principalName="youtube-authenticator-user"
        rep:privileges="{Name}[jcr:read,rep:write]">
        <rep:restrictions
            jcr:primaryType="rep:Restrictions"
            rep:glob="/*/dam/dm/youtube*"/>
    </allow35>
    <allow36
        jcr:primaryType="rep:GrantACE"
        rep:principalName="notification-service"
        rep:privileges="{Name}[jcr:read]">
        <rep:restrictions
            jcr:primaryType="rep:Restrictions"
            rep:glob="/*/settings/dam/notification/email/default/*"/>
    </allow36>
    <allow37
        jcr:primaryType="rep:GrantACE"
        rep:principalName="dynamicmedia-config-service"
        rep:privileges="{Name}[jcr:read,rep:write]">
        <rep:restrictions
            jcr:primaryType="rep:Restrictions"
            rep:glob="/*/dam/dm/analytics*"/>
    </allow37>
    <allow38
        jcr:primaryType="rep:GrantACE"
        rep:principalName="omnisearch-service"
        rep:privileges="{Name}[jcr:read]">
        <rep:restrictions
            jcr:primaryType="rep:Restrictions"
            rep:glob="/*/settings/cloudconfigs/dmscene7*"/>
    </allow38>
    <allow39
        jcr:primaryType="rep:GrantACE"
        rep:principalName="dynamicmedia-config-service"
        rep:privileges="{Name}[jcr:read,rep:write]">
        <rep:restrictions
            jcr:primaryType="rep:Restrictions"
            rep:glob="/*/dam/dm/presets/video*"/>
    </allow39>
    <allow40
        jcr:primaryType="rep:GrantACE"
        rep:principalName="dynamicmedia-config-service"
        rep:privileges="{Name}[jcr:read]">
        <rep:restrictions
            jcr:primaryType="rep:Restrictions"
            rep:glob="/*/settings/cloudconfigs/dynamicmediaservices*"/>
    </allow40>
    <allow41
        jcr:primaryType="rep:GrantACE"
        rep:principalName="dynamicmedia-config-service"
        rep:privileges="{Name}[jcr:read,rep:write,crx:replicate]">
        <rep:restrictions
            jcr:primaryType="rep:Restrictions"
            rep:glob="/*/dam/dm/presets/*"/>
    </allow41>
    <allow42
        jcr:primaryType="rep:GrantACE"
        rep:principalName="analytics-administrators"
        rep:privileges="{Name}[rep:write]">
        <rep:restrictions
            jcr:primaryType="rep:Restrictions"
            rep:glob="/*/cloudconfigs/analyticsconnector/jcr:content*"/>
    </allow42>
    <allow43
        jcr:primaryType="rep:GrantACE"
        rep:principalName="analytics-administrators"
        rep:privileges="{Name}[rep:indexDefinitionManagement]">
        <rep:restrictions
            jcr:primaryType="rep:Restrictions"
            rep:glob="/*/oak:index*"/>
    </allow43>
    <allow44
        jcr:primaryType="rep:GrantACE"
        rep:principalName="analytics-administrators"
        rep:privileges="{Name}[jcr:read]">
        <rep:restrictions
            jcr:primaryType="rep:Restrictions"
            rep:glob="/*/cloudconfigs/analyticsconnector/*"/>
    </allow44>
    <allow45
        jcr:primaryType="rep:GrantACE"
        rep:principalName="analytics-administrators"
        rep:privileges="{Name}[jcr:read]">
        <rep:restrictions
            jcr:primaryType="rep:Restrictions"
            rep:glob="/*/cloudconfigs/analyticsconnector"/>
    </allow45>
    <allow46
        jcr:primaryType="rep:GrantACE"
        rep:principalName="target-activity-authors"
        rep:privileges="{Name}[jcr:read]">
        <rep:restrictions
            jcr:primaryType="rep:Restrictions"
            rep:glob="/*/cloudconfigs/target/*"/>
    </allow46>
    <allow47
        jcr:primaryType="rep:GrantACE"
        rep:principalName="target-activity-authors"
        rep:privileges="{Name}[jcr:read]">
        <rep:restrictions
            jcr:primaryType="rep:Restrictions"
            rep:glob="/*/cloudconfigs/target"/>
    </allow47>
    <allow48
        jcr:primaryType="rep:GrantACE"
        rep:principalName="reference-processing-service"
        rep:privileges="{Name}[jcr:read]">
        <rep:restrictions
            jcr:primaryType="rep:Restrictions"
            rep:glob="/*/settings/dam/cfm/models/*"/>
    </allow48>
    <allow49
        jcr:primaryType="rep:GrantACE"
        rep:principalName="reference-processing-service"
        rep:privileges="{Name}[jcr:read]">
        <rep:restrictions
            jcr:primaryType="rep:Restrictions"
            rep:glob="/*/settings/wcm/templates/*"/>
    </allow49>
    <allow50
        jcr:primaryType="rep:GrantACE"
        rep:principalName="reference-processing-service"
        rep:privileges="{Name}[jcr:read]">
        <rep:restrictions
            jcr:primaryType="rep:Restrictions"
            rep:glob="/*/settings/wcm/policies/*"/>
    </allow50>
    <allow51
        jcr:primaryType="rep:GrantACE"
        rep:principalName="reference-processing-service"
        rep:privileges="{Name}[jcr:write]">
        <rep:restrictions
            jcr:primaryType="rep:Restrictions"
            rep:glob="/*/settings/wcm/templates/*/initial/*"/>
    </allow51>
    <allow52
        jcr:primaryType="rep:GrantACE"
        rep:principalName="reference-processing-service"
        rep:privileges="{Name}[jcr:write]">
        <rep:restrictions
            jcr:primaryType="rep:Restrictions"
            rep:glob="/*/settings/wcm/templates/*/structure/*"/>
    </allow52>
</jcr:root>
